﻿,종목명,sector
7,BGF리테일,자유소비재
14,CJ,금융
19,CJ대한통운,산업재
23,CJ제일제당,필수소비재
38,DB손해보험,금융
39,DB하이텍,정보기술
64,F&F,자유소비재
70,GS,금융
74,GS리테일,자유소비재
82,HD한국조선해양,금융
83,HD현대,금융
86,HD현대인프라코어,산업재
87,HD현대일렉트릭,정보기술
88,HD현대중공업,산업재
92,HLB,헬스케어
101,HL만도,산업재
103,HMM,산업재
104,HPSP,정보기술
127,KB금융,금융
132,KCC,소재
144,KG모빌리티,산업재
159,KT,커뮤니케이션서비스
160,KT&G,산업재
169,LG,금융
170,LG디스플레이,정보기술
171,LG생활건강,소재
173,LG에너지솔루션,정보기술
175,LG유플러스,커뮤니케이션서비스
176,LG이노텍,정보기술
177,LG전자,정보기술
180,LG화학,소재
182,LIG넥스원,산업재
183,LS,금융
184,LS ELECTRIC,정보기술
197,NAVER,산업재
204,NH투자증권,금융
220,S-Oil,소재
244,SK,금융
245,SKC,소재
253,SK바이오사이언스,헬스케어
254,SK바이오팜,산업재
255,SK스퀘어,금융
257,SK아이이테크놀로지,정보기술
260,SK이노베이션,소재
266,SK텔레콤,커뮤니케이션서비스
267,SK하이닉스,정보기술
282,TCC스틸,소재
306,강원랜드,산업재
328,고려아연,소재
378,금양,소재
382,금호석유,소재
392,기아,산업재
393,기업은행,금융
402,나노신소재,소재
457,넷마블,산업재
476,농심,필수소비재
546,대우건설,산업재
581,대한항공,산업재
593,더블유씨피,정보기술
629,동서,자유소비재
665,동진쎄미켐,정보기술
670,두산밥캣,산업재
671,두산에너빌리티,산업재
748,레인보우로보틱스,산업재
762,롯데쇼핑,자유소비재
763,롯데에너지머티리얼즈,정보기술
771,롯데케미칼,소재
773,루닛,정보기술
806,맥쿼리인프라,금융
820,메디톡스,헬스케어
873,미래에셋증권,금융
1013,삼성SDI,정보기술
1017,삼성물산,자유소비재
1019,삼성바이오로직스,헬스케어
1020,삼성생명,금융
1025,삼성에스디에스,산업재
1026,삼성엔지니어링,산업재
1027,삼성전기,정보기술
1029,삼성전자,정보기술
1032,삼성중공업,산업재
1033,삼성증권,금융
1035,삼성카드,금융
1036,삼성화재,금융
1038,삼아알미늄,소재
1066,삼천당제약,헬스케어
1186,셀트리온,헬스케어
1187,셀트리온제약,헬스케어
1203,솔브레인,소재
1253,신성델타테크,정보기술
1256,신세계,자유소비재
1296,쌍용C&E,소재
1318,씨에스윈드,산업재
1339,아모레G,소재
1342,아모레퍼시픽,소재
1478,에스엠,자유소비재
1483,에스원,산업재
1551,에코프로,금융
1575,엔씨소프트,산업재
1633,영원무역,자유소비재
1638,영풍제지,소재
1657,오리온,필수소비재
1835,유한양행,헬스케어
1869,이마트,자유소비재
1880,이수페타시스,정보기술
2019,제일기획,산업재
2118,카카오,산업재
2120,카카오뱅크,금융
2121,카카오페이,금융
2136,케어젠,헬스케어
2203,코스모신소재,소재
2225,코웨이,산업재
2260,크래프톤,산업재
2276,키움증권,금융
2359,파두,정보기술
2393,팬오션,산업재
2411,포스코인터내셔널,자유소비재
2412,포스코퓨처엠,정보기술
2499,하이브,산업재
2517,한국가스공사,유틸리티
2537,한국전력,유틸리티
2558,한국타이어앤테크놀로지,소재
2566,한국항공우주,산업재
2576,한미반도체,산업재
2577,한미사이언스,금융
2578,한미약품,헬스케어
2591,한솔케미칼,소재
2603,한온시스템,산업재
2604,한올바이오파마,헬스케어
2615,한전기술,산업재
2621,한진칼,산업재
2629,한화,소재
2634,한화생명,금융
2636,한화솔루션,소재
2638,한화시스템,정보기술
2639,한화에어로스페이스,산업재
2640,한화오션,산업재
2659,현대건설,산업재
2663,현대글로비스,산업재
2664,현대로템,산업재
2666,현대모비스,산업재
2668,현대미포조선,산업재
2676,현대엘리베이,산업재
2677,현대오토에버,산업재
2678,현대위아,산업재
2680,현대제철,소재
2682,현대차,산업재
2690,현대해상,금융
2698,호텔신라,자유소비재
2720,효성중공업,정보기술
2721,효성첨단소재,소재
