Symbol,Sector
AACG,Consumer Defensive
AADI,Healthcare
AAL,Industrials
AAOI,Technology
AAON,Industrials
AAPL,Technology
ABCB,Financial Services
ABCL,Healthcare
ABCM,Healthcare
ABEO,Healthcare
ABIO,Healthcare
ABNB,Consumer Cyclical
ABOS,Healthcare
ABSI,Healthcare
ABUS,Healthcare
ABVC,Healthcare
ACAD,Healthcare
ACB,Healthcare
ACCD,Healthcare
ACDC,Energy
ACER,Healthcare
ACET,Healthcare
ACGL,Financial Services
ACGLN,Financial Services
ACGLO,Financial Services
ACHC,Healthcare
ACHL,Healthcare
ACHV,Healthcare
ACIU,Healthcare
ACIW,Technology
ACLS,Technology
ACLX,Healthcare
ACMR,Technology
ACNB,Financial Services
ACON,Healthcare
ACOR,Healthcare
ACRS,Healthcare
ACRV,Healthcare
ACRX,Healthcare
ACST,Healthcare
ACT,Financial Services
ACTG,Industrials
ACVA,Consumer Cyclical
ACXP,Healthcare
ADAP,Healthcare
ADBE,Technology
ADD,Communication Services
ADEA,Technology
ADES,Industrials
ADI,Technology
ADIL,Healthcare
ADMA,Healthcare
ADMP,Healthcare
ADN,Utilities
ADP,Industrials
ADPT,Healthcare
ADSE,Industrials
ADSK,Technology
ADTH,Communication Services
ADTN,Technology
ADTX,Healthcare
ADUS,Healthcare
ADV,Communication Services
ADVM,Healthcare
ADXN,Healthcare
AEHL,Industrials
AEHR,Technology
AEI,Real Estate
AEIS,Industrials
AEMD,Healthcare
AEP,Utilities
AEY,Technology
AEYE,Technology
AEZS,Healthcare
AFCG,Real Estate
AFIB,Healthcare
AFMD,Healthcare
AFRM,Technology
AFYA,Consumer Defensive
AGAE,Communication Services
AGBA,Financial Services
AGEN,Healthcare
AGFY,Industrials
AGIL,Technology
AGIO,Healthcare
AGLE,Healthcare
AGNC,Real Estate
AGNCL,Real Estate
AGNCM,Real Estate
AGNCN,Real Estate
AGNCO,Real Estate
AGNCP,Real Estate
AGRI,Consumer Defensive
AGRX,Healthcare
AGYS,Technology
AHCO,Healthcare
AHG,Healthcare
AIHS,Financial Services
AIMD,Healthcare
AIP,Technology
AIRG,Technology
AIRS,Healthcare
AKAM,Technology
AKAN,Healthcare
AKBA,Healthcare
AKLI,Healthcare
AKRO,Healthcare
AKTS,Technology
AKTX,Healthcare
AKU,Healthcare
AKYA,Healthcare
ALAR,Technology
ALBT,Real Estate
ALCO,Consumer Defensive
ALDX,Healthcare
ALEC,Healthcare
ALGM,Technology
ALGN,Healthcare
ALGS,Healthcare
ALGT,Industrials
ALHC,Healthcare
ALIM,Healthcare
ALKS,Healthcare
ALKT,Technology
ALLK,Healthcare
ALLO,Healthcare
ALLR,Healthcare
ALLT,Technology
ALNY,Healthcare
ALPN,Healthcare
ALPP,Industrials
ALRM,Technology
ALRN,Healthcare
ALRS,Financial Services
ALT,Healthcare
ALTI,Financial Services
ALTO,Basic Materials
ALTR,Technology
ALVO,Healthcare
ALVR,Healthcare
ALXO,Healthcare
ALYA,Technology
ALZN,Healthcare
AMAL,Financial Services
AMAM,Healthcare
AMAT,Technology
AMBA,Technology
AMCX,Communication Services
AMD,Technology
AMED,Healthcare
AMEH,Healthcare
AMGN,Healthcare
AMKR,Technology
AMLI,Basic Materials
AMLX,Healthcare
AMNB,Financial Services
AMPG,Technology
AMPH,Healthcare
AMPL,Technology
AMRK,Financial Services
AMRN,Healthcare
AMSC,Industrials
AMSF,Financial Services
AMST,Technology
AMSWA,Technology
AMTI,Healthcare
AMTX,Energy
AMWD,Consumer Cyclical
AMZN,Consumer Cyclical
ANAB,Healthcare
ANDE,Consumer Defensive
ANGH,Communication Services
ANGI,Communication Services
ANGO,Healthcare
ANIK,Healthcare
ANIP,Healthcare
ANIX,Healthcare
ANNX,Healthcare
ANSS,Technology
ANTX,Healthcare
ANY,Technology
AOSL,Technology
AOUT,Consumer Cyclical
APA,Energy
APCX,Technology
APDN,Healthcare
APEI,Consumer Defensive
API,Technology
APLD,Financial Services
APLS,Healthcare
APLT,Healthcare
APM,Healthcare
APOG,Industrials
APP,Technology
APPF,Technology
APPN,Technology
APPS,Technology
APTO,Healthcare
APVO,Healthcare
APYX,Healthcare
AQB,Consumer Defensive
AQMS,Industrials
AQST,Healthcare
ARAV,Healthcare
ARAY,Healthcare
ARBE,Technology
ARBK,Financial Services
ARCB,Industrials
ARCC,Financial Services
ARCE,Consumer Defensive
ARCT,Healthcare
ARDX,Healthcare
AREB,Consumer Cyclical
AREC,Basic Materials
ARGX,Healthcare
ARHS,Consumer Cyclical
ARKO,Consumer Cyclical
ARLP,Energy
AROW,Financial Services
ARQQ,Technology
ARQT,Healthcare
ARRY,Technology
ARTL,Healthcare
ARTNA,Utilities
ARVL,Consumer Cyclical
ARVN,Healthcare
ARWR,Healthcare
ASLE,Industrials
ASLN,Healthcare
ASMB,Healthcare
ASML,Technology
ASND,Healthcare
ASO,Consumer Cyclical
ASPI,Basic Materials
ASRT,Healthcare
ASTE,Industrials
ASTI,Technology
ASTL,Basic Materials
ASTR,Industrials
ASTS,Technology
ASUR,Technology
ATAI,Healthcare
ATAT,Consumer Cyclical
ATEC,Healthcare
ATER,Consumer Cyclical
ATEX,Communication Services
ATHA,Healthcare
ATHX,Healthcare
ATLC,Financial Services
ATLCP,Financial Services
ATLO,Financial Services
ATLX,Basic Materials
ATNF,Healthcare
ATNI,Communication Services
ATOM,Technology
ATOS,Healthcare
ATRA,Healthcare
ATRC,Healthcare
ATRI,Healthcare
ATRO,Industrials
ATSG,Industrials
ATVI,Communication Services
ATXG,Industrials
ATXI,Healthcare
ATXS,Healthcare
AUID,Technology
AUPH,Healthcare
AUR,Technology
AURA,Healthcare
AUTL,Healthcare
AUUD,Technology
AUVI,Consumer Cyclical
AVAH,Healthcare
AVAV,Industrials
AVDL,Healthcare
AVDX,Technology
AVGO,Technology
AVGR,Healthcare
AVID,Technology
AVIR,Healthcare
AVNW,Technology
AVO,Consumer Defensive
AVPT,Technology
AVRO,Healthcare
AVT,Technology
AVTA,Financial Services
AVTE,Healthcare
AVTX,Healthcare
AVXL,Healthcare
AWH,Healthcare
AXDX,Healthcare
AXGN,Healthcare
AXLA,Healthcare
AXNX,Healthcare
AXON,Industrials
AXSM,Healthcare
AXTI,Technology
AY,Utilities
AYRO,Consumer Cyclical
AYTU,Healthcare
AZ,Industrials
AZN,Healthcare
AZPN,Technology
AZTA,Healthcare
AZYO,Healthcare
BACK,Healthcare
BAER,Industrials
BAND,Technology
BANF,Financial Services
BANR,Financial Services
BANX,Financial Services
BASE,Technology
BATRA,Communication Services
BATRK,Communication Services
BBCP,Industrials
BBGI,Communication Services
BBIO,Healthcare
BBLG,Healthcare
BBSI,Industrials
BCAB,Healthcare
BCAN,Technology
BCBP,Financial Services
BCDA,Healthcare
BCEL,Healthcare
BCLI,Healthcare
BCML,Financial Services
BCPC,Basic Materials
BCRX,Healthcare
BCTX,Healthcare
BCYC,Healthcare
BDRX,Healthcare
BDSX,Healthcare
BDTX,Healthcare
BEAM,Healthcare
BEAT,Healthcare
BECN,Industrials
BEEM,Technology
BELFB,Technology
BFC,Financial Services
BFI,Consumer Cyclical
BFIN,Financial Services
BFRI,Healthcare
BFST,Financial Services
BGC,Financial Services
BGFV,Consumer Cyclical
BGNE,Healthcare
BGXX,Healthcare
BHAT,Communication Services
BHF,Financial Services
BHFAL,N/A
BHFAM,Financial Services
BHFAN,Financial Services
BHFAO,Financial Services
BHFAP,Financial Services
BIAF,Healthcare
BIDU,Communication Services
BIGC,Technology
BILI,Communication Services
BIMI,Healthcare
BIOC,Healthcare
BIOL,Healthcare
BIOR,Healthcare
BIOX,Basic Materials
BIRD,Consumer Cyclical
BITF,Financial Services
BIVI,Healthcare
BJDX,Healthcare
BJRI,Consumer Cyclical
BKCC,Financial Services
BKNG,Consumer Cyclical
BKR,Energy
BKYI,Industrials
BL,Technology
BLBX,Technology
BLDE,Industrials
BLDP,Industrials
BLFS,Healthcare
BLFY,Financial Services
BLIN,Technology
BLKB,Technology
BLNK,Industrials
BLPH,Healthcare
BLRX,Healthcare
BLTE,Healthcare
BLUE,Healthcare
BLZE,Technology
BMBL,Technology
BMEA,Healthcare
BMRA,Healthcare
BMRC,Financial Services
BMRN,Healthcare
BNGO,Healthcare
BNMV,Energy
BNR,Healthcare
BNTC,Healthcare
BNTX,Healthcare
BOKF,Financial Services
BOLT,Healthcare
BON,Consumer Defensive
BOOM,Energy
BOXL,Technology
BPMC,Healthcare
BPOP,Financial Services
BPRN,Financial Services
BPTH,Healthcare
BPTS,Healthcare
BPYPM,N/A
BPYPO,Real Estate
BPYPP,Real Estate
BRAG,Communication Services
BRKL,Financial Services
BRKR,Healthcare
BRLT,Consumer Cyclical
BRP,Financial Services
BRQS,Technology
BRSH,Consumer Defensive
BRTX,Healthcare
BRY,Energy
BRZE,Technology
BSFC,Consumer Defensive
BSGM,Healthcare
BSQR,Technology
BSRR,Financial Services
BSVN,Financial Services
BSY,Technology
BTAI,Healthcare
BTB,Consumer Cyclical
BTBT,Financial Services
BTCS,Financial Services
BTCY,Healthcare
BTMD,Healthcare
BTOG,Financial Services
BTTX,Healthcare
BTWN,Financial Services
BUSE,Financial Services
BVS,Healthcare
BVXV,Healthcare
BWAY,Healthcare
BWB,Financial Services
BWEN,Industrials
BWMN,Industrials
BWMX,Consumer Cyclical
BWV,Healthcare
BXRX,Healthcare
BYND,Consumer Defensive
BYRN,Industrials
BYSI,Healthcare
BZ,Industrials
BZFD,Communication Services
BZUN,Consumer Cyclical
CAAS,Consumer Cyclical
CABA,Healthcare
CAC,Financial Services
CACC,Financial Services
CACO,Industrials
CADL,Healthcare
CAKE,Consumer Cyclical
CALM,Consumer Defensive
CAN,Technology
CAPR,Healthcare
CAR,Industrials
CARA,Healthcare
CARE,Financial Services
CARG,Consumer Cyclical
CARM,Healthcare
CARV,Financial Services
CASA,Technology
CASI,Healthcare
CASS,Industrials
CASY,Consumer Cyclical
CATC,N/A
CATY,Financial Services
CBAN,Financial Services
CBAT,Industrials
CBIO,Healthcare
CBNK,Financial Services
CBRL,Consumer Cyclical
CBSH,Financial Services
CBUS,Healthcare
CCAP,Financial Services
CCB,Financial Services
CCBG,Financial Services
CCCC,Healthcare
CCCS,Technology
CCEP,Consumer Defensive
CCLD,Healthcare
CCLDP,Healthcare
CCNE,Financial Services
CCOI,Communication Services
CCRN,Healthcare
CCSI,Technology
CD,Technology
CDIO,Healthcare
CDLX,Communication Services
CDMO,Healthcare
CDNS,Technology
CDW,Technology
CDXC,Healthcare
CDZI,Utilities
CEAD,Industrials
CECO,Industrials
CEG,Utilities
CELC,Healthcare
CELH,Consumer Defensive
CELU,Healthcare
CELZ,Healthcare
CENN,Consumer Cyclical
CENT,Consumer Defensive
CENTA,Consumer Defensive
CENX,Basic Materials
CERE,Healthcare
CERS,Healthcare
CERT,Healthcare
CEVA,Technology
CFB,Financial Services
CFFN,Financial Services
CFLT,Technology
CFMS,Healthcare
CFRX,Healthcare
CG,Financial Services
CGABL,N/A
CGBD,Financial Services
CGC,Healthcare
CGEM,Healthcare
CGEN,Healthcare
CGNT,Technology
CGNX,Technology
CGRN,Industrials
CGTX,Healthcare
CHCI,Real Estate
CHCO,Financial Services
CHDN,Consumer Cyclical
CHEK,Healthcare
CHK,Energy
CHKP,Technology
CHRD,Energy
CHRS,Healthcare
CHRW,Industrials
CHSCM,Consumer Defensive
CHSCP,Consumer Defensive
CHTR,Communication Services
CHX,Energy
CIFR,Financial Services
CIGI,Real Estate
CINF,Financial Services
CING,Healthcare
CISO,Technology
CJJD,Healthcare
CKPT,Healthcare
CLAR,Consumer Cyclical
CLBK,Financial Services
CLBT,Technology
CLDX,Healthcare
CLEU,Consumer Defensive
CLGN,Healthcare
CLLS,Healthcare
CLMT,Energy
CLNE,Energy
CLNN,Healthcare
CLOV,Healthcare
CLPS,Technology
CLPT,Healthcare
CLRB,Healthcare
CLSD,Healthcare
CLSK,Financial Services
CLVR,Healthcare
CMAX,Healthcare
CMBM,Technology
CMCO,Industrials
CMCSA,Communication Services
CME,Financial Services
CMLS,Communication Services
CMMB,Healthcare
CMND,Healthcare
CMPO,Industrials
CMPR,Communication Services
CMPS,Healthcare
CMPX,Healthcare
CMRA,Healthcare
CMRX,Healthcare
CMTL,Technology
CNDT,Technology
CNET,Communication Services
CNEY,Basic Materials
CNOB,Financial Services
CNOBP,Financial Services
CNSL,Communication Services
CNSP,Healthcare
CNTA,Healthcare
CNTB,Healthcare
CNTG,Healthcare
CNTX,Healthcare
CNVS,Communication Services
CNXA,Consumer Cyclical
CNXC,Technology
CNXN,Technology
COCO,Consumer Defensive
COCP,Healthcare
CODA,Industrials
CODX,Healthcare
COEP,Healthcare
COFS,Financial Services
COGT,Healthcare
COHU,Technology
COIN,Financial Services
COKE,Consumer Defensive
COLB,Financial Services
COLM,Consumer Cyclical
COMM,Technology
COMS,Communication Services
CONN,Consumer Cyclical
COOP,Financial Services
CORT,Healthcare
COSM,Healthcare
COST,Consumer Defensive
COYA,Healthcare
CPLP,Industrials
CPOP,Communication Services
CPRT,Industrials
CPRX,Healthcare
CPSH,Technology
CPSI,Healthcare
CPSS,Financial Services
CPTN,Technology
CRAI,Industrials
CRBP,Healthcare
CRBU,Healthcare
CRCT,Technology
CRDF,Healthcare
CRDL,Healthcare
CRDO,Technology
CREG,Utilities
CRESY,Industrials
CREX,Technology
CRGE,Communication Services
CRGO,Industrials
CRIS,Healthcare
CRKN,Basic Materials
CRMD,Healthcare
CRMT,Consumer Cyclical
CRNC,Technology
CRNT,Technology
CRNX,Healthcare
CRON,Healthcare
CROX,Consumer Cyclical
CRSP,Healthcare
CRSR,Technology
CRUS,Technology
CRVL,Financial Services
CRVO,Healthcare
CRVS,Healthcare
CRWD,Technology
CSCO,Technology
CSGP,Real Estate
CSGS,Technology
CSIQ,Technology
CSSE,Communication Services
CSSEP,Communication Services
CSTL,Healthcare
CSTR,Financial Services
CSWC,Financial Services
CSWI,Industrials
CSX,Industrials
CTAS,Industrials
CTBI,Financial Services
CTIB,Consumer Cyclical
CTKB,Healthcare
CTLP,Technology
CTMX,Healthcare
CTRM,Industrials
CTRN,Consumer Cyclical
CTSH,Technology
CTSO,Healthcare
CTXR,Healthcare
CUE,Healthcare
CUEN,Technology
CURI,Communication Services
CUTR,Healthcare
CVAC,Healthcare
CVBF,Financial Services
CVCO,Consumer Cyclical
CVGW,Consumer Defensive
CVLT,Technology
CVLY,Financial Services
CVRX,Healthcare
CWBR,Healthcare
CWCO,Utilities
CWST,Industrials
CXDO,Communication Services
CYCC,Healthcare
CYCN,Healthcare
CYN,Technology
CYRX,Industrials
CYT,Healthcare
CYTH,Healthcare
CYTO,Healthcare
CZFS,Financial Services
CZNC,Financial Services
CZR,Consumer Cyclical
DADA,Consumer Cyclical
DAKT,Technology
DALN,Communication Services
DARE,Healthcare
DATS,Technology
DAVE,Technology
DAWN,Healthcare
DBGI,Consumer Cyclical
DBTX,Healthcare
DBVT,Healthcare
DBX,Technology
DCBO,Technology
DCFC,Industrials
DCGO,Healthcare
DCOM,Financial Services
DCOMP,Financial Services
DCPH,Healthcare
DCTH,Healthcare
DDOG,Technology
DENN,Consumer Cyclical
DERM,Healthcare
DFLI,Industrials
DGHI,Technology
DGICA,Financial Services
DGII,Technology
DGLY,Communication Services
DH,Healthcare
DHC,Real Estate
DHCNI,N/A
DHCNL,N/A
DHIL,Financial Services
DIBS,Consumer Cyclical
DIOD,Technology
DISH,Communication Services
DKNG,Consumer Cyclical
DLO,Technology
DLPN,Communication Services
DLTH,Consumer Cyclical
DLTR,Consumer Defensive
DMAC,Healthcare
DMLP,Energy
DMTK,Healthcare
DNLI,Healthcare
DNUT,Consumer Defensive
DOCU,Technology
DOGZ,Consumer Cyclical
DOMH,Healthcare
DOMO,Technology
DOOO,Consumer Cyclical
DORM,Consumer Cyclical
DOX,Technology
DOYU,Communication Services
DPRO,Industrials
DRCT,Communication Services
DRIO,Healthcare
DRMA,Healthcare
DRRX,Healthcare
DRS,Industrials
DRTS,Healthcare
DRTT,Industrials
DRUG,Healthcare
DRVN,Consumer Cyclical
DSGN,Healthcare
DSGR,Industrials
DSKE,Industrials
DSP,Technology
DTIL,Healthcare
DTSS,Technology
DTST,Technology
DUO,Real Estate
DUOL,Technology
DUOT,Technology
DVAX,Healthcare
DWAC,Financial Services
DXCM,Healthcare
DXLG,Consumer Cyclical
DXPE,Industrials
DYAI,Healthcare
DYN,Healthcare
DYNT,Healthcare
DZSI,Technology
EA,Communication Services
EAR,Healthcare
EAST,Consumer Defensive
EBAY,Consumer Cyclical
EBC,Financial Services
EBET,Consumer Cyclical
EBIX,Technology
EBON,Technology
EBTC,Financial Services
ECBK,Financial Services
ECOR,Healthcare
ECPG,Financial Services
ECX,Consumer Cyclical
EDAP,Healthcare
EDBL,Consumer Defensive
EDIT,Healthcare
EDRY,Industrials
EDSA,Healthcare
EDTK,Consumer Defensive
EDUC,Communication Services
EEFT,Technology
EFSC,Financial Services
EFTR,Healthcare
EGAN,Technology
EGHT,Technology
EGIO,Technology
EGLX,Communication Services
EH,Industrials
EHTH,Financial Services
EIGR,Healthcare
EJH,Consumer Cyclical
EKSO,Healthcare
ELBM,Basic Materials
ELDN,Healthcare
ELEV,Healthcare
ELOX,Healthcare
ELVN,Healthcare
ELYS,Consumer Cyclical
EM,Consumer Cyclical
EMBC,Healthcare
EMKR,Technology
ENG,Industrials
ENLV,Healthcare
ENPH,Technology
ENSC,Healthcare
ENSG,Healthcare
ENTA,Healthcare
ENTG,Technology
ENTX,Healthcare
ENVB,Healthcare
ENVX,Industrials
EOLS,Healthcare
EOSE,Industrials
EPIX,Healthcare
EPOW,Industrials
EPSN,Energy
EQ,Healthcare
EQIX,Real Estate
EQRX,Healthcare
ERAS,Healthcare
ERIC,Technology
ERIE,Financial Services
ERII,Industrials
ESEA,Industrials
ESGR,Financial Services
ESGRO,Financial Services
ESGRP,Financial Services
ESLT,Industrials
ESOA,Industrials
ESPR,Healthcare
ESQ,Financial Services
ESSA,Financial Services
ESTA,Healthcare
ETNB,Healthcare
ETON,Healthcare
ETSY,Consumer Cyclical
EUDA,Healthcare
EVAX,Healthcare
EVBG,Technology
EVCM,Technology
EVER,Communication Services
EVGN,Healthcare
EVGO,Consumer Cyclical
EVLO,Healthcare
EVLV,Industrials
EVO,Healthcare
EVOK,Healthcare
EVRG,Utilities
EVTV,Consumer Cyclical
EWBC,Financial Services
EWCZ,Consumer Defensive
EWTX,Healthcare
EXAI,Healthcare
EXAS,Healthcare
EXC,Utilities
EXEL,Healthcare
EXFY,Technology
EXLS,Technology
EXPD,Industrials
EXPE,Consumer Cyclical
EXPI,Real Estate
EXPO,Industrials
EXTR,Technology
EYE,Consumer Cyclical
EYEN,Healthcare
EYPT,Healthcare
EZFL,Technology
EZGO,Consumer Cyclical
EZPW,Financial Services
FA,Industrials
FAMI,Consumer Defensive
FANG,Energy
FANH,Financial Services
FARM,Consumer Defensive
FARO,Technology
FAST,Industrials
FAT,Consumer Cyclical
FATE,Healthcare
FAZE,Communication Services
FBIO,Healthcare
FBIOP,Healthcare
FBIZ,Financial Services
FBMS,Financial Services
FBNC,Financial Services
FBRX,Healthcare
FCBC,Financial Services
FCEL,Industrials
FCFS,Financial Services
FCNCA,Financial Services
FCNCO,Financial Services
FCNCP,Financial Services
FCUV,Technology
FDMT,Healthcare
FDUS,Financial Services
FEAM,Basic Materials
FELE,Industrials
FENC,Healthcare
FFBC,Financial Services
FFIC,Financial Services
FFIE,Consumer Cyclical
FFIN,Financial Services
FFIV,Technology
FGBI,Financial Services
FGEN,Healthcare
FGI,Consumer Cyclical
FHB,Financial Services
FHTX,Healthcare
FIBK,Financial Services
FIP,Industrials
FISI,Financial Services
FITB,Financial Services
FITBO,Financial Services
FITBP,Financial Services
FIVE,Consumer Cyclical
FIVN,Technology
FIXX,Healthcare
FIZZ,Consumer Defensive
FLEX,Technology
FLGC,Healthcare
FLGT,Healthcare
FLIC,Financial Services
FLJ,Real Estate
FLNC,Utilities
FLNT,Communication Services
FLUX,Industrials
FLWS,Consumer Cyclical
FLXS,Consumer Cyclical
FLYW,Technology
FMAO,Financial Services
FNCB,Financial Services
FNGR,Communication Services
FNKO,Consumer Cyclical
FNLC,Financial Services
FOCS,Financial Services
FOLD,Healthcare
FORA,Healthcare
FORD,Consumer Cyclical
FORM,Technology
FORR,Industrials
FOSL,Consumer Cyclical
FOX,Communication Services
FOXA,Communication Services
FPAY,Industrials
FREE,Consumer Defensive
FREQ,Healthcare
FRGI,Consumer Cyclical
FRGT,Technology
FRHC,Financial Services
FRLN,Healthcare
FRME,Financial Services
FROG,Technology
FRPH,Real Estate
FRPT,Consumer Defensive
FRSH,Technology
FRST,Financial Services
FRSX,Consumer Cyclical
FRTX,Healthcare
FRZA,Consumer Cyclical
FSBC,Financial Services
FSEA,Financial Services
FSLR,Technology
FSTR,Industrials
FSV,Real Estate
FTAI,Industrials
FTCI,Technology
FTDR,Consumer Cyclical
FTEK,Industrials
FTFT,Technology
FTHM,Real Estate
FTNT,Technology
FULC,Healthcare
FULT,Financial Services
FULTP,Financial Services
FUSN,Healthcare
FUTU,Financial Services
FUV,Consumer Cyclical
FVCB,Financial Services
FWBI,Healthcare
FWONA,Communication Services
FWONK,Communication Services
FWRD,Industrials
FWRG,Consumer Cyclical
FYBR,Communication Services
GABC,Financial Services
GAIA,Communication Services
GAIN,Financial Services
GALT,Healthcare
GAMB,Consumer Cyclical
GAME,Communication Services
GAN,Consumer Cyclical
GANX,Healthcare
GBDC,Financial Services
GBIO,Healthcare
GCBC,Financial Services
GCMG,Financial Services
GCT,Technology
GDEN,Consumer Cyclical
GDRX,Healthcare
GDS,Technology
GDYN,Technology
GECC,Financial Services
GEG,Financial Services
GEHC,Healthcare
GEN,Technology
GENE,Healthcare
GEOS,Energy
GERN,Healthcare
GEVO,Basic Materials
GFAI,Industrials
GFS,Technology
GGAL,Financial Services
GGR,Consumer Cyclical
GH,Healthcare
GHRS,Healthcare
GHSI,Healthcare
GIFI,Industrials
GIII,Consumer Cyclical
GILD,Healthcare
GILT,Technology
GIPR,Real Estate
GLAD,Financial Services
GLBE,Consumer Cyclical
GLBS,Industrials
GLDD,Industrials
GLG,Basic Materials
GLMD,Healthcare
GLNG,Energy
GLPG,Healthcare
GLPI,Real Estate
GLRE,Financial Services
GLSI,Healthcare
GLTO,Healthcare
GLUE,Healthcare
GMAB,Healthcare
GMBL,Consumer Cyclical
GMDA,Healthcare
GMGI,Communication Services
GNLN,Consumer Defensive
GNPX,Healthcare
GNSS,Technology
GNTX,Consumer Cyclical
GO,Consumer Defensive
GOCO,Financial Services
GOEV,Consumer Cyclical
GOGL,Industrials
GOOD,Real Estate
GOODO,N/A
GOOG,Communication Services
GOOGL,Communication Services
GOSS,Healthcare
GOVX,Healthcare
GP,Industrials
GPP,Energy
GPRE,Basic Materials
GPRO,Technology
GRAB,Technology
GRCL,Healthcare
GREE,Financial Services
GRIN,Industrials
GRNQ,Industrials
GROM,Communication Services
GRPH,Healthcare
GRPN,Communication Services
GRRR,Technology
GRTS,Healthcare
GRTX,Healthcare
GRVY,Communication Services
GRWG,Consumer Cyclical
GSBC,Financial Services
GSHD,Financial Services
GSM,Basic Materials
GSMG,Communication Services
GSUN,Consumer Defensive
GT,Consumer Cyclical
GTBP,Healthcare
GTEC,Industrials
GTH,Healthcare
GTHX,Healthcare
GTLB,Technology
GTX,Consumer Cyclical
GURE,Basic Materials
GWAV,Industrials
GWRS,Utilities
HA,Industrials
HAFC,Financial Services
HAIN,Consumer Defensive
HALO,Healthcare
HARP,Healthcare
HAS,Consumer Cyclical
HAYN,Industrials
HBAN,Financial Services
HBANM,Financial Services
HBANP,Financial Services
HBIO,Healthcare
HBNC,Financial Services
HBT,Financial Services
HCAT,Healthcare
HCCI,Industrials
HCDI,Real Estate
HCKT,Technology
HCM,Healthcare
HCP,Technology
HCSG,Healthcare
HCTI,Healthcare
HDSN,Basic Materials
HEAR,Technology
HEES,Industrials
HELE,Consumer Defensive
HEPA,Healthcare
HEPS,Consumer Cyclical
HFFG,Consumer Defensive
HFWA,Financial Services
HGBL,Financial Services
HHS,Industrials
HIBB,Consumer Cyclical
HIFS,Financial Services
HILS,Healthcare
HIMX,Technology
HITI,Healthcare
HLIT,Technology
HLMN,Industrials
HLNE,Financial Services
HLTH,Healthcare
HLVX,Healthcare
HNRG,Energy
HNST,Consumer Defensive
HOFT,Consumer Cyclical
HOFV,Communication Services
HOLI,Industrials
HOLO,Technology
HOLX,Healthcare
HON,Industrials
HONE,Financial Services
HOOD,Technology
HOOK,Healthcare
HOPE,Financial Services
HOTH,Healthcare
HOWL,Healthcare
HPCO,Consumer Defensive
HPK,Energy
HQI,Industrials
HRMY,Healthcare
HROW,Healthcare
HROWL,N/A
HROWM,N/A
HRTX,Healthcare
HSCS,Healthcare
HSDT,Healthcare
HSIC,Healthcare
HSII,Industrials
HST,Real Estate
HSTM,Healthcare
HSTO,Healthcare
HTBK,Financial Services
HTCR,Technology
HTHT,Consumer Cyclical
HTIA,Real Estate
HTIBP,Real Estate
HTLD,Industrials
HTLF,Financial Services
HTOO,Utilities
HTZ,Industrials
HTZWW,N/A
HUBC,Technology
HUBG,Industrials
HUDI,Basic Materials
HUGE,Healthcare
HUIZ,Financial Services
HUMA,Healthcare
HURC,Industrials
HURN,Industrials
HUT,Financial Services
HWBK,Financial Services
HWC,Financial Services
HWCPZ,N/A
HWKN,Basic Materials
HYFM,Industrials
HYMC,Basic Materials
HYPR,Healthcare
HYW,Financial Services
HYZN,Consumer Cyclical
HZNP,Healthcare
IAC,Communication Services
IART,Healthcare
IAS,Communication Services
IBEX,Technology
IBKR,Financial Services
IBOC,Financial Services
IBRX,Healthcare
ICCM,Healthcare
ICFI,Industrials
ICHR,Technology
ICLK,Communication Services
ICLR,Healthcare
ICMB,Financial Services
ICU,Healthcare
ICUI,Healthcare
ICVX,Healthcare
IDAI,Technology
IDCC,Communication Services
IDEX,Industrials
IDN,Technology
IDXX,Healthcare
IDYA,Healthcare
IEP,Energy
IESC,Industrials
IFBD,Technology
IFRX,Healthcare
IGIC,Financial Services
IGMS,Healthcare
IHRT,Communication Services
IIIV,Technology
IINN,Healthcare
IKNA,Healthcare
IKT,Healthcare
ILAG,Industrials
ILMN,Healthcare
ILPT,Real Estate
IMAB,Healthcare
IMCC,Healthcare
IMCR,Healthcare
IMGN,Healthcare
IMKTA,Consumer Defensive
IMMR,Technology
IMMX,Healthcare
IMNM,Healthcare
IMNN,Healthcare
IMOS,Technology
IMPL,Healthcare
IMPP,Energy
IMRN,Healthcare
IMRX,Healthcare
IMTE,Technology
IMTX,Healthcare
IMUX,Healthcare
IMVT,Healthcare
IMXI,Technology
INAB,Healthcare
INBS,Healthcare
INBX,Healthcare
INCR,Healthcare
INCY,Healthcare
INDB,Financial Services
INDI,Technology
INDP,Healthcare
INFI,Healthcare
INFN,Technology
INGN,Healthcare
INM,Healthcare
INMB,Healthcare
INMD,Healthcare
INNV,Healthcare
INO,Healthcare
INPX,Technology
INSE,Consumer Cyclical
INSG,Technology
INSM,Healthcare
INTA,Technology
INTC,Technology
INTR,Financial Services
INTU,Technology
INTZ,Technology
INVE,Technology
INVO,Healthcare
INVZ,Consumer Cyclical
INZY,Healthcare
IOBT,Healthcare
IONM,Healthcare
IONR,Basic Materials
IONS,Healthcare
IOSP,Basic Materials
IOVA,Healthcare
IPA,Healthcare
IPAR,Consumer Defensive
IPGP,Technology
IPSC,Healthcare
IPW,Consumer Cyclical
IPWR,Industrials
IQ,Communication Services
IRBT,Consumer Cyclical
IRDM,Communication Services
IREN,Financial Services
IRIX,Healthcare
IRON,Healthcare
IRTC,Healthcare
ISPC,Healthcare
ISPO,Consumer Cyclical
ISRG,Healthcare
ISUN,Technology
ITCI,Healthcare
ITOS,Healthcare
ITRI,Technology
ITRM,Healthcare
ITRN,Technology
IVAC,Industrials
IVDA,Industrials
IVVD,Healthcare
IZEA,Communication Services
JACK,Consumer Cyclical
JAGX,Healthcare
JAKK,Consumer Cyclical
JAMF,Technology
JAN,Industrials
JANX,Healthcare
JAZZ,Healthcare
JBHT,Industrials
JBLU,Industrials
JCSE,Industrials
JD,Consumer Cyclical
JEWL,Consumer Cyclical
JFBR,Consumer Cyclical
JFIN,Communication Services
JG,Technology
JJSF,Consumer Defensive
JKHY,Technology
JMSB,Financial Services
JOAN,Consumer Cyclical
JRSH,Consumer Cyclical
JSM,N/A
JSPR,Healthcare
JUPW,Healthcare
JVA,Consumer Defensive
JWEL,Consumer Cyclical
JXJT,Consumer Cyclical
JYNT,Healthcare
JZ,Consumer Defensive
JZXN,Consumer Cyclical
KA,Healthcare
KALA,Healthcare
KALU,Basic Materials
KALV,Healthcare
KAVL,Consumer Defensive
KBNT,Technology
KC,Technology
KDP,Consumer Defensive
KELYA,Industrials
KERN,Healthcare
KFRC,Industrials
KHC,Consumer Defensive
KIDS,Healthcare
KITT,Industrials
KLAC,Technology
KLIC,Technology
KLTR,Technology
KLXE,Energy
KNDI,Consumer Cyclical
KNSA,Healthcare
KNTE,Healthcare
KOD,Healthcare
KOPN,Technology
KOSS,Technology
KPLT,Technology
KPRX,Healthcare
KPTI,Healthcare
KRBP,
KRKR,Communication Services
KRMD,Healthcare
KRNY,Financial Services
KRON,Healthcare
KROS,Healthcare
KRT,Consumer Cyclical
KRTX,Healthcare
KRUS,Consumer Cyclical
KRYS,Healthcare
KSCP,Industrials
KTCC,Technology
KTOS,Industrials
KTRA,Healthcare
KTTA,Healthcare
KURA,Healthcare
KXIN,Consumer Cyclical
KYMR,Healthcare
KZR,Healthcare
LAB,Healthcare
LAKE,Consumer Cyclical
LAMR,Real Estate
LANC,Consumer Defensive
LANDO,Real Estate
LASE,Industrials
LASR,Technology
LAUR,Consumer Defensive
LAZR,Consumer Cyclical
LAZY,Consumer Cyclical
LBAI,Financial Services
LBC,Financial Services
LBPH,Healthcare
LBRDA,Communication Services
LBRDK,Communication Services
LBTYA,Communication Services
LBTYK,Communication Services
LCID,Consumer Cyclical
LE,Consumer Cyclical
LECO,Industrials
LEDS,Technology
LEE,Communication Services
LEGH,Consumer Cyclical
LEGN,Healthcare
LESL,Consumer Cyclical
LEXX,Healthcare
LFCR,Healthcare
LFLY,Healthcare
LFMD,Healthcare
LFST,Healthcare
LFUS,Technology
LFVN,Consumer Defensive
LGHL,Financial Services
LGMK,Industrials
LGND,Healthcare
LGO,Basic Materials
LGVN,Healthcare
LI,Consumer Cyclical
LIAN,Healthcare
LIDR,Technology
LIFE,Healthcare
LIFW,Healthcare
LILA,Communication Services
LILAK,Communication Services
LILM,Industrials
LINC,Consumer Defensive
LIND,Consumer Cyclical
LIQT,Industrials
LITE,Technology
LITM,Basic Materials
LIVN,Healthcare
LIXT,Healthcare
LIZI,Communication Services
LKCO,Technology
LKFN,Financial Services
LKQ,Consumer Cyclical
LMB,Industrials
LMDX,Healthcare
LMFA,Financial Services
LNKB,Financial Services
LNSR,Healthcare
LNT,Utilities
LNTH,Healthcare
LNW,Consumer Cyclical
LOCO,Consumer Cyclical
LOGI,Technology
LOOP,Basic Materials
LOV,Communication Services
LOVE,Consumer Cyclical
LPCN,Healthcare
LPLA,Financial Services
LPRO,Financial Services
LPTH,Technology
LPTX,Healthcare
LQDA,Healthcare
LRCX,Technology
LRMR,Healthcare
LSAK,Technology
LSCC,Technology
LSEA,Real Estate
LSTA,Healthcare
LSTR,Industrials
LSXMA,Communication Services
LSXMK,Communication Services
LTBR,Industrials
LTRN,Healthcare
LTRY,Consumer Cyclical
LUCD,Healthcare
LUCY,Healthcare
LULU,Consumer Cyclical
LUNG,Healthcare
LUXH,Consumer Cyclical
LVLU,Consumer Cyclical
LVO,Communication Services
LVOX,Technology
LVTX,Healthcare
LWAY,Consumer Defensive
LWLG,Basic Materials
LX,Financial Services
LXRX,Healthcare
LYEL,Healthcare
LYFT,Technology
LYRA,Healthcare
LYT,Technology
LZ,Industrials
MACK,Healthcare
MANH,Technology
MAPS,Technology
MAR,Consumer Cyclical
MARA,Financial Services
MARK,Technology
MARPS,Energy
MASI,Healthcare
MASS,Healthcare
MAT,Consumer Cyclical
MATH,Financial Services
MATW,Industrials
MAXN,Technology
MBCN,Financial Services
MBIN,Financial Services
MBINM,Financial Services
MBINO,Financial Services
MBIO,Healthcare
MBLY,Consumer Cyclical
MBOT,Healthcare
MBRX,Healthcare
MBWM,Financial Services
MCBS,Financial Services
MCFT,Consumer Cyclical
MCHP,Technology
MCHX,Communication Services
MCLD,Technology
MCRB,Healthcare
MCRI,Consumer Cyclical
MDB,Technology
MDGL,Healthcare
MDGS,Healthcare
MDLZ,Consumer Defensive
MDNA,Healthcare
MDRX,Healthcare
MDVL,Healthcare
MDWD,Healthcare
MDXG,Healthcare
ME,Healthcare
MEDP,Healthcare
MEDS,Healthcare
MEGL,Financial Services
MEIP,Healthcare
MELI,Consumer Cyclical
MEOH,Basic Materials
MESA,Industrials
META,Communication Services
METC,Basic Materials
METX,Consumer Defensive
MF,Consumer Defensive
MFIC,Financial Services
MGAM,Communication Services
MGEE,Utilities
MGIC,Technology
MGNI,Communication Services
MGNX,Healthcare
MGRC,Industrials
MGTA,Healthcare
MGTX,Healthcare
MHUA,Healthcare
MIDD,Industrials
MIGI,Financial Services
MIND,Technology
MINM,Technology
MIRM,Healthcare
MIRO,Healthcare
MIST,N/A
MITK,Technology
MKSI,Technology
MKTW,Technology
MKTX,Financial Services
MKUL,Industrials
MLCO,Consumer Cyclical
MLEC,Healthcare
MLGO,Technology
MLKN,Consumer Cyclical
MLTX,Healthcare
MMAT,Technology
MMLP,Energy
MMSI,Healthcare
MMV,Communication Services
MMYT,Consumer Cyclical
MNDO,Technology
MNDY,Technology
MNKD,Healthcare
MNMD,Healthcare
MNOV,Healthcare
MNPR,Healthcare
MNRO,Consumer Cyclical
MNSB,Financial Services
MNST,Consumer Defensive
MNTK,Utilities
MNTS,Industrials
MOB,Technology
MOBQ,Communication Services
MODV,Healthcare
MOFG,Financial Services
MOGO,Technology
MOMO,Communication Services
MOND,Consumer Cyclical
MOR,Healthcare
MORF,Healthcare
MORN,Financial Services
MOTS,Healthcare
MOVE,Healthcare
MOXC,Communication Services
MPWR,Technology
MQ,Technology
MRAI,Healthcare
MRAM,Technology
MRBK,Financial Services
MRCC,Financial Services
MREO,Healthcare
MRIN,Technology
MRKR,Healthcare
MRNA,Healthcare
MRNS,Healthcare
MRSN,Healthcare
MRTN,Industrials
MRTX,Healthcare
MRUS,Healthcare
MRVI,Healthcare
MRVL,Technology
MSBI,Financial Services
MSEX,Utilities
MSFT,Technology
MSGM,Communication Services
MSTR,Technology
MTC,Technology
MTCH,Communication Services
MTEK,Technology
MTEM,Healthcare
MTLS,Technology
MTRX,Industrials
MTTR,Technology
MU,Technology
MULN,Consumer Cyclical
MVBF,Financial Services
MVIS,Technology
MVLA,Technology
MVST,Industrials
MXCT,Healthcare
MXL,Technology
MYFW,Financial Services
MYGN,Healthcare
MYMD,Healthcare
MYNZ,Healthcare
MYPS,Communication Services
MYRG,Industrials
MYSZ,Technology
NAAS,Consumer Cyclical
NAMS,Healthcare
NARI,Healthcare
NATH,Consumer Cyclical
NATI,Technology
NATR,Consumer Defensive
NAUT,Healthcare
NAVI,Financial Services
NBIX,Healthcare
NBN,Financial Services
NBSE,Healthcare
NBTB,Financial Services
NCMI,Communication Services
NCNA,Healthcare
NCNO,Technology
NCPL,Financial Services
NCRA,Consumer Defensive
NCTY,Communication Services
NDAQ,Financial Services
NDRA,Healthcare
NDSN,Industrials
NECB,Financial Services
NEGG,Consumer Cyclical
NEOG,Healthcare
NEON,Technology
NEOV,Industrials
NEPT,Healthcare
NERV,Healthcare
NEWT,Financial Services
NEXI,Healthcare
NEXT,Energy
NFBK,Financial Services
NFE,Utilities
NFLX,Communication Services
NGM,Healthcare
NGMS,Consumer Cyclical
NICE,Technology
NIU,Consumer Cyclical
NKLA,Industrials
NKSH,Financial Services
NKTR,Healthcare
NKTX,Healthcare
NLSP,Healthcare
NLTX,Healthcare
NMFC,Financial Services
NMRD,Healthcare
NMTC,Healthcare
NN,Technology
NNBR,Industrials
NNDM,Technology
NNOX,Healthcare
NODK,Financial Services
NOGN,Technology
NOTV,Healthcare
NOVT,Technology
NPCE,Healthcare
NRBO,Healthcare
NRC,Healthcare
NRDS,Communication Services
NRIM,Financial Services
NRIX,Healthcare
NRSN,Healthcare
NRXP,Healthcare
NSIT,Technology
NSPR,Healthcare
NSSC,Industrials
NSTG,Healthcare
NTAP,Technology
NTCT,Technology
NTES,Communication Services
NTGR,Technology
NTLA,Healthcare
NTNX,Technology
NTRA,Healthcare
NTRS,Financial Services
NTRSO,Financial Services
NTWK,Technology
NURO,Healthcare
NUTX,Healthcare
NUVA,Healthcare
NUVL,Healthcare
NUWE,Healthcare
NVAX,Healthcare
NVCR,Healthcare
NVCT,Healthcare
NVDA,Technology
NVEC,Technology
NVEI,Technology
NVIV,Healthcare
NVMI,Technology
NVNO,Healthcare
NVOS,Healthcare
NVTS,Technology
NVVE,Consumer Cyclical
NVX,Industrials
NWFL,Financial Services
NWL,Consumer Defensive
NWLI,Financial Services
NWPX,Industrials
NWS,Communication Services
NWSA,Communication Services
NWTN,Consumer Cyclical
NXGL,Healthcare
NXGN,Healthcare
NXL,Healthcare
NXPI,Technology
NXPL,Technology
NXST,Communication Services
NXTC,Healthcare
NXTP,Technology
NYMT,Real Estate
NYMTM,Real Estate
NYMTN,Real Estate
OABI,Healthcare
OB,Communication Services
OBIO,Healthcare
OBLG,Technology
OBT,Financial Services
OCCI,Financial Services
OCFC,Financial Services
OCG,Consumer Cyclical
OCGN,Healthcare
OCSL,Financial Services
OCUP,Healthcare
OCX,Healthcare
ODFL,Industrials
ODP,Consumer Cyclical
OESX,Industrials
OFIX,Healthcare
OFLX,Industrials
OGI,Healthcare
OKTA,Technology
OLB,Technology
OLED,Technology
OLK,Healthcare
OLLI,Consumer Defensive
OLMA,Healthcare
OLPX,Consumer Cyclical
OM,Healthcare
OMAB,Industrials
OMCL,Healthcare
OMER,Healthcare
OMEX,Industrials
OMGA,Healthcare
OMIC,Healthcare
ON,Technology
ONB,Financial Services
ONBPO,Financial Services
ONBPP,Financial Services
ONCT,Healthcare
ONCY,Healthcare
ONDS,Technology
ONEW,Consumer Cyclical
ONFO,Communication Services
ONTX,Healthcare
ONVO,Healthcare
OP,Industrials
OPAL,Utilities
OPBK,Financial Services
OPCH,Healthcare
OPEN,Real Estate
OPGN,Healthcare
OPI,Real Estate
OPINL,N/A
OPK,Healthcare
OPRA,Communication Services
OPRT,Financial Services
OPRX,Healthcare
OPTN,Healthcare
ORGN,Basic Materials
ORGO,Healthcare
ORGS,Healthcare
ORIC,Healthcare
ORLY,Consumer Cyclical
ORMP,Healthcare
ORTX,Healthcare
OSBC,Financial Services
OSIS,Technology
OSPN,Technology
OSS,Technology
OST,Technology
OSTK,Consumer Cyclical
OSUR,Healthcare
OSW,Consumer Cyclical
OTEX,Technology
OTLK,Healthcare
OTLY,Consumer Defensive
OTMO,Technology
OTRK,Healthcare
OTTR,Utilities
OVID,Healthcare
OXBR,Financial Services
OXLC,Financial Services
OXLCM,Financial Services
OXSQ,Financial Services
OZK,Financial Services
OZKAP,Financial Services
PAA,Energy
PACB,Healthcare
PACW,Financial Services
PACWP,Financial Services
PAGP,Energy
PALI,Healthcare
PALT,Technology
PANL,Industrials
PANW,Technology
PARA,Communication Services
PARAA,Communication Services
PARAP,Communication Services
PASG,Healthcare
PATK,Consumer Cyclical
PAVM,Healthcare
PAX,Financial Services
PAYO,Technology
PAYS,Technology
PAYX,Industrials
PBFS,Financial Services
PBLA,Healthcare
PBTS,Technology
PBYI,Healthcare
PCAR,Industrials
PCB,Financial Services
PCH,Real Estate
PCSA,Healthcare
PCT,Industrials
PCTI,Technology
PCTY,Technology
PCVX,Healthcare
PDCO,Healthcare
PDD,Consumer Cyclical
PDFS,Technology
PDLB,Financial Services
PDSB,Healthcare
PEBO,Financial Services
PECO,Real Estate
PEGA,Technology
PEGY,Technology
PENN,Consumer Cyclical
PEP,Consumer Defensive
PEPG,Healthcare
PERI,Communication Services
PET,Technology
PETQ,Healthcare
PETS,Healthcare
PETV,Healthcare
PETZ,Consumer Defensive
PEV,Consumer Cyclical
PFC,Financial Services
PFG,Financial Services
PFIS,Financial Services
PFSW,Industrials
PGC,Financial Services
PGEN,Healthcare
PGNY,Healthcare
PGY,Technology
PHAT,Healthcare
PHIO,Healthcare
PHUN,Technology
PI,Technology
PIII,Healthcare
PIK,Consumer Cyclical
PIRS,Healthcare
PIXY,Industrials
PKBK,Financial Services
PLAB,Technology
PLAY,Communication Services
PLBY,Consumer Cyclical
PLCE,Consumer Cyclical
PLL,Basic Materials
PLMR,Financial Services
PLPC,Industrials
PLRX,Healthcare
PLSE,Healthcare
PLTK,Communication Services
PLUG,Industrials
PLUR,Healthcare
PLXS,Technology
PLYA,Consumer Cyclical
PMCB,Healthcare
PMD,Healthcare
PMTS,Financial Services
PMVP,Healthcare
PNFP,Financial Services
PNFPP,Financial Services
PNRG,Energy
PNT,Healthcare
PNTG,Healthcare
POAI,Healthcare
PODD,Healthcare
POET,Technology
POLA,Industrials
POOL,Industrials
POWI,Technology
POWL,Industrials
POWW,Industrials
PPBI,Financial Services
PPBT,Healthcare
PPC,Consumer Defensive
PPSI,Industrials
PPTA,Basic Materials
PRAA,Financial Services
PRAX,Healthcare
PRCH,Technology
PRCT,Healthcare
PRDO,Consumer Defensive
PRDS,Healthcare
PRE,Healthcare
PRFT,Technology
PRGS,Technology
PRLD,Healthcare
PRME,Healthcare
PROF,Healthcare
PROK,Healthcare
PRPL,Consumer Cyclical
PRPO,Healthcare
PRQR,Healthcare
PRSO,Technology
PRSR,Financial Services
PRST,Technology
PRTA,Healthcare
PRTG,Healthcare
PRTH,Technology
PRTS,Consumer Cyclical
PRVA,Healthcare
PSEC,Financial Services
PSHG,Industrials
PSMT,Consumer Defensive
PSNL,Healthcare
PSNY,Consumer Cyclical
PSTV,Healthcare
PSTX,Healthcare
PT,Financial Services
PTC,Technology
PTEN,Energy
PTGX,Healthcare
PTLO,Consumer Cyclical
PTMN,Financial Services
PTON,Consumer Cyclical
PTPI,Healthcare
PTSI,Industrials
PTVE,Consumer Cyclical
PUBM,Technology
PULM,Healthcare
PVBC,Financial Services
PWFL,Technology
PWOD,Financial Services
PWP,Financial Services
PXMD,Healthcare
PXS,Energy
PYCR,Technology
PYPD,Healthcare
PYPL,Financial Services
PYR,Industrials
PYXS,Healthcare
PZZA,Consumer Cyclical
QCOM,Technology
QCRH,Financial Services
QDEL,Healthcare
QFIN,Financial Services
QH,Technology
QIPT,Healthcare
QLGN,Healthcare
QMCO,Technology
QNCX,Healthcare
QNRX,Healthcare
QNST,Communication Services
QRHC,Industrials
QRTEA,Consumer Cyclical
QRTEP,Consumer Cyclical
QRVO,Technology
QSI,Healthcare
QTRX,Healthcare
QUBT,Technology
QUIK,Technology
QURE,Healthcare
RADI,Communication Services
RAIL,Industrials
RAIN,Healthcare
RANI,Healthcare
RAPT,Healthcare
RAVE,Consumer Cyclical
RAYA,Industrials
RBB,Financial Services
RBBN,Communication Services
RBCAA,Financial Services
RCAT,Technology
RCEL,Healthcare
RCKT,Healthcare
RCM,Healthcare
RCON,Energy
RCRT,Industrials
RDFN,Real Estate
RDHL,Healthcare
RDVT,Technology
RDWR,Technology
REAL,Consumer Cyclical
REAX,Real Estate
REBN,Consumer Cyclical
REE,Consumer Cyclical
REFI,Real Estate
REFR,Technology
REG,Real Estate
REGN,Healthcare
REKR,Technology
RELI,Financial Services
RELY,Technology
RENT,Consumer Cyclical
REPL,Healthcare
RETA,Healthcare
REVB,Healthcare
REYN,Consumer Cyclical
RFIL,Industrials
RGEN,Healthcare
RGF,Consumer Defensive
RGLD,Basic Materials
RGLS,Healthcare
RGNX,Healthcare
RGP,Industrials
RGTI,Technology
RIBT,Consumer Defensive
RICK,Consumer Cyclical
RIGL,Healthcare
RILY,Financial Services
RILYG,N/A
RILYK,N/A
RILYM,N/A
RILYN,N/A
RILYO,N/A
RILYP,Financial Services
RILYT,N/A
RILYZ,N/A
RIOT,Financial Services
RIVN,Consumer Cyclical
RKDA,Consumer Defensive
RKLB,Industrials
RLAY,Healthcare
RLMD,Healthcare
RLYB,Healthcare
RMBL,Consumer Cyclical
RMBS,Technology
RMCF,Consumer Defensive
RMNI,Technology
RMR,Real Estate
RMTI,Healthcare
RNA,Healthcare
RNAZ,Healthcare
RNLX,Healthcare
RNST,Financial Services
RNW,Utilities
RNXT,Healthcare
ROAD,Industrials
ROCK,Industrials
ROIV,Healthcare
ROKU,Communication Services
ROOT,Financial Services
ROP,Technology
ROST,Consumer Cyclical
ROVR,Consumer Cyclical
RPAY,Technology
RPD,Technology
RPHM,Healthcare
RPID,Healthcare
RPRX,Healthcare
RPTX,Healthcare
RRBI,Financial Services
RRGB,Consumer Cyclical
RRR,Consumer Cyclical
RSLS,Healthcare
RSVR,Communication Services
RTC,Technology
RTL,Real Estate
RTLPO,Real Estate
RTLPP,Real Estate
RUM,Technology
RUN,Technology
RUSHA,Consumer Cyclical
RVLP,Healthcare
RVMD,Healthcare
RVPH,Healthcare
RVSN,Industrials
RVYL,Technology
RWAY,Financial Services
RWAYZ,N/A
RWLK,Healthcare
RXRX,Healthcare
RXST,Healthcare
RXT,Technology
RYAAY,Industrials
RYTM,Healthcare
RZLT,Healthcare
SABR,Consumer Cyclical
SABS,Healthcare
SAFT,Financial Services
SAGE,Healthcare
SAI,Financial Services
SAIA,Industrials
SALM,Communication Services
SANA,Healthcare
SANM,Technology
SASI,Technology
SASR,Financial Services
SATL,Industrials
SATS,Technology
SAVA,Healthcare
SBAC,Real Estate
SBET,Consumer Cyclical
SBFM,Healthcare
SBGI,Communication Services
SBIG,Technology
SBLK,Industrials
SBRA,Real Estate
SBSI,Financial Services
SBT,Financial Services
SBUX,Consumer Cyclical
SCHL,Communication Services
SCHN,Basic Materials
SCKT,Technology
SCLX,Healthcare
SCOR,Communication Services
SCPH,Healthcare
SCPL,Communication Services
SCSC,Technology
SCTL,Healthcare
SCVL,Consumer Cyclical
SCWO,Industrials
SCWX,Technology
SCYX,Healthcare
SDC,Healthcare
SDGR,Healthcare
SDIG,Financial Services
SEAT,Communication Services
SECO,Consumer Cyclical
SEDG,Technology
SEED,Basic Materials
SEEL,Healthcare
SEER,Healthcare
SEIC,Financial Services
SELB,Healthcare
SELF,Real Estate
SENEA,Consumer Defensive
SERA,Healthcare
SEVN,Real Estate
SFIX,Consumer Cyclical
SFNC,Financial Services
SFR,Real Estate
SFST,Financial Services
SFT,Consumer Cyclical
SGBX,Industrials
SGC,Consumer Cyclical
SGEN,Healthcare
SGH,Technology
SGHT,Healthcare
SGLY,Industrials
SGML,Basic Materials
SGMO,Healthcare
SGRY,Healthcare
SHBI,Financial Services
SHC,Healthcare
SHCR,Healthcare
SHEN,Communication Services
SHFS,Financial Services
SHIP,N/A
SHLS,Technology
SHOO,Consumer Cyclical
SHPH,Healthcare
SHYF,Industrials
SIBN,Healthcare
SIDU,Industrials
SIEN,Healthcare
SIFY,Communication Services
SIGI,Financial Services
SILK,Healthcare
SILO,Healthcare
SIMO,Technology
SINT,Healthcare
SIRI,Communication Services
SISI,Consumer Defensive
SITM,Technology
SJ,Communication Services
SKIN,Consumer Defensive
SKYT,Technology
SKYW,Industrials
SKYX,Industrials
SLAB,Technology
SLDB,Healthcare
SLDP,Industrials
SLGC,Healthcare
SLGG,Communication Services
SLGL,Healthcare
SLM,Financial Services
SLN,Healthcare
SLNA,Consumer Cyclical
SLNG,Energy
SLNH,Technology
SLNO,Healthcare
SLRX,Healthcare
SLS,Healthcare
SMBC,Financial Services
SMBK,Financial Services
SMCI,Technology
SMFL,Consumer Defensive
SMMT,Healthcare
SMPL,Consumer Defensive
SMSI,Technology
SMTC,Technology
SMTI,Healthcare
SNAX,Consumer Defensive
SNBR,Consumer Cyclical
SNCE,Healthcare
SNCR,Technology
SNCRL,N/A
SNCY,Industrials
SND,Energy
SNDL,Consumer Defensive
SNES,Basic Materials
SNEX,Financial Services
SNGX,Healthcare
SNOA,Healthcare
SNPO,Technology
SNPS,Technology
SNPX,Healthcare
SNSE,Healthcare
SNT,Industrials
SNTG,Financial Services
SNTI,Healthcare
SNY,Healthcare
SOBR,Technology
SOFI,Financial Services
SOHO,Real Estate
SOHU,Communication Services
SOLO,Consumer Cyclical
SOND,Consumer Cyclical
SONM,Technology
SONN,Healthcare
SONO,Technology
SOPA,Technology
SOPH,Healthcare
SOUN,Technology
SOVO,Consumer Defensive
SP,Industrials
SPCB,Industrials
SPFI,Financial Services
SPI,Technology
SPLK,Technology
SPNS,Technology
SPOK,Healthcare
SPRB,Healthcare
SPRC,Healthcare
SPRO,Healthcare
SPT,Technology
SPTN,Consumer Defensive
SPWH,Consumer Cyclical
SPWR,Technology
SQFT,Real Estate
SQL,Healthcare
SRAD,Technology
SRCE,Financial Services
SRCL,Industrials
SRDX,Healthcare
SRRK,Healthcare
SRTS,Healthcare
SRZN,Healthcare
SSB,Financial Services
SSBK,Financial Services
SSKN,Healthcare
SSNC,Technology
SSP,Communication Services
SSRM,Basic Materials
SSSS,Financial Services
SSTI,Technology
SSYS,Technology
STAA,Healthcare
STAF,Industrials
STBA,Financial Services
STBX,Communication Services
STCN,Communication Services
STEP,Financial Services
STER,Technology
STGW,Communication Services
STIM,Healthcare
STIX,Technology
STKH,Consumer Defensive
STKL,Consumer Defensive
STKS,Consumer Cyclical
STLD,Basic Materials
STNE,Technology
STOK,Healthcare
STRA,Consumer Defensive
STRC,Technology
STRL,Industrials
STRO,Healthcare
STRR,Healthcare
STRS,Real Estate
STSS,Healthcare
STTK,Healthcare
STX,Technology
SUNW,Technology
SUPN,Healthcare
SURF,Healthcare
SURG,Technology
SVC,Real Estate
SVFD,Basic Materials
SVRA,Healthcare
SVRE,Technology
SWAG,Communication Services
SWAV,Healthcare
SWBI,Industrials
SWIM,Industrials
SWKH,Financial Services
SWKS,Technology
SWTX,Healthcare
SWVL,Technology
SXTC,Healthcare
SY,Healthcare
SYBT,Financial Services
SYBX,Healthcare
SYM,Industrials
SYNA,Technology
SYNH,Healthcare
SYPR,Consumer Cyclical
SYRS,Healthcare
SYTA,Technology
TALK,Healthcare
TALS,Healthcare
TANH,Consumer Defensive
TAOP,Technology
TARA,Healthcare
TARS,Healthcare
TASK,Technology
TBIO,Healthcare
TBLA,Communication Services
TBLT,Industrials
TC,Communication Services
TCBI,Financial Services
TCBIO,Financial Services
TCBK,Financial Services
TCBP,Healthcare
TCBX,Financial Services
TCMD,Healthcare
TCOM,Consumer Cyclical
TCON,Healthcare
TCPC,Financial Services
TCX,Technology
TDUP,Consumer Cyclical
TEAM,Technology
TECH,Healthcare
TELA,Healthcare
TENB,Technology
TENX,Healthcare
TER,Technology
TERN,Healthcare
TFFP,Healthcare
TFIN,Financial Services
TFSL,Financial Services
TGAN,Technology
TGL,Technology
TGTX,Healthcare
TH,Industrials
THCH,Consumer Cyclical
THFF,Financial Services
THMO,Healthcare
THRD,Healthcare
THRM,Consumer Cyclical
THRN,Consumer Defensive
THRX,Healthcare
THRY,Communication Services
THTX,Healthcare
TIGO,Communication Services
TIGR,Financial Services
TIL,Healthcare
TILE,Industrials
TIO,Technology
TIRX,Financial Services
TITN,Industrials
TIVC,Healthcare
TKLF,Consumer Cyclical
TKNO,Healthcare
TLIS,Healthcare
TLRY,Healthcare
TLS,Technology
TLSA,Healthcare
TMC,Basic Materials
TMCI,Healthcare
TMDX,Healthcare
TMPO,Technology
TMUS,Communication Services
TNDM,Healthcare
TNGX,Healthcare
TNON,Healthcare
TNXP,Healthcare
TNYA,Healthcare
TOI,Healthcare
TOMZ,Industrials
TOPS,Industrials
TOUR,Consumer Cyclical
TOWN,Financial Services
TPG,Financial Services
TPIC,Industrials
TPST,Healthcare
TRDA,Healthcare
TREE,Financial Services
TRHC,Healthcare
TRIB,Healthcare
TRIN,Financial Services
TRINL,N/A
TRIP,Consumer Cyclical
TRKA,Communication Services
TRMB,Technology
TRMD,Energy
TRMK,Financial Services
TRMR,Communication Services
TROO,Technology
TROW,Financial Services
TRST,Financial Services
TRUE,Communication Services
TRUP,Financial Services
TRVG,Communication Services
TRVI,Healthcare
TRVN,Healthcare
TSAT,Technology
TSCO,Consumer Cyclical
TSEM,Technology
TSHA,Healthcare
TSLA,Consumer Cyclical
TSP,Industrials
TSVT,Healthcare
TTD,Technology
TTEC,Technology
TTEK,Industrials
TTGT,Communication Services
TTMI,Technology
TTNP,Healthcare
TTOO,Healthcare
TTWO,Communication Services
TUSK,Industrials
TVTX,Healthcare
TW,Financial Services
TWIN,Industrials
TWKS,Technology
TWNK,Consumer Defensive
TWOU,Consumer Defensive
TWST,Healthcare
TXG,Healthcare
TXMD,Healthcare
TXN,Technology
TXRH,Consumer Cyclical
TYRA,Healthcare
TZOO,Communication Services
UAL,Industrials
UBFO,Financial Services
UBSI,Financial Services
UBX,Healthcare
UCBI,Financial Services
UCBIO,Financial Services
UCL,Communication Services
UCTT,Technology
UDMY,Consumer Defensive
UEIC,Technology
UFCS,Financial Services
UFPI,Basic Materials
UGRO,Industrials
UK,Real Estate
ULBI,Industrials
ULCC,Industrials
ULH,Industrials
ULTA,Consumer Cyclical
UMBF,Financial Services
UNCY,Healthcare
UNIT,Real Estate
UONE,Communication Services
UONEK,Communication Services
UPBD,Technology
UPLD,Technology
UPST,Financial Services
UPWK,Industrials
UPXI,Communication Services
URBN,Consumer Cyclical
URGN,Healthcare
UROY,Energy
USAP,Basic Materials
USAU,Basic Materials
USCB,Financial Services
USEA,Industrials
USEG,Energy
USIO,Technology
USLM,Basic Materials
UTHR,Healthcare
UTMD,Healthcare
UTME,Technology
UTRS,Healthcare
UVSP,Financial Services
UXIN,Consumer Cyclical
VABK,Financial Services
VACC,Healthcare
VANI,Healthcare
VAXX,Healthcare
VBIV,Healthcare
VBLT,Healthcare
VC,Consumer Cyclical
VCEL,Healthcare
VCNX,Healthcare
VCSA,Technology
VCTR,Financial Services
VECO,Technology
VEDU,Consumer Defensive
VEEE,Consumer Cyclical
VERA,Healthcare
VERB,Technology
VERI,Technology
VERO,Healthcare
VERU,Healthcare
VERV,Healthcare
VERX,Technology
VEV,Consumer Cyclical
VFF,Consumer Defensive
VIA,Utilities
VIASP,Utilities
VIAV,Technology
VIEW,Industrials
VIGL,Healthcare
VINC,Healthcare
VINO,Real Estate
VINP,Financial Services
VIOT,Consumer Cyclical
VIR,Healthcare
VIRC,Consumer Cyclical
VIRI,Healthcare
VIRT,Financial Services
VIRX,Healthcare
VISL,Technology
VITL,Consumer Defensive
VJET,Technology
VKTX,Healthcare
VLCN,Consumer Cyclical
VLGEA,Consumer Defensive
VLY,Financial Services
VLYPO,Financial Services
VLYPP,Financial Services
VMAR,Consumer Cyclical
VMD,Healthcare
VMEO,Technology
VNET,Technology
VOD,Communication Services
VOR,Healthcare
VOXR,Basic Materials
VQS,Technology
VRA,Consumer Cyclical
VRAR,Technology
VRAX,Healthcare
VRCA,Healthcare
VRDN,Healthcare
VREX,Healthcare
VRM,Consumer Cyclical
VRME,Industrials
VRNA,Healthcare
VRNS,Technology
VRNT,Technology
VRPX,Healthcare
VRRM,Industrials
VRSK,Industrials
VRSN,Technology
VRTX,Healthcare
VS,Technology
VSAT,Technology
VSEC,Industrials
VSTM,Healthcare
VTGN,Healthcare
VTNR,Energy
VTRS,Healthcare
VTRU,Consumer Defensive
VTSI,Industrials
VTVT,Healthcare
VTYX,Healthcare
VUZI,Technology
VVOS,Healthcare
VVPR,Technology
VWE,Consumer Defensive
VXRT,Healthcare
VYGR,Healthcare
VYNE,Healthcare
WABC,Financial Services
WAFD,Financial Services
WAFDP,Financial Services
WASH,Financial Services
WATT,Technology
WAVD,Technology
WAVE,Utilities
WB,Communication Services
WBA,Healthcare
WBD,Communication Services
WDAY,Technology
WDC,Technology
WDFC,Basic Materials
WEN,Consumer Cyclical
WERN,Industrials
WEST,Consumer Defensive
WETG,Technology
WEYS,Consumer Cyclical
WFRD,Energy
WGS,Healthcare
WIMI,Communication Services
WINA,Consumer Cyclical
WING,Consumer Cyclical
WINT,Healthcare
WIRE,Industrials
WISA,Technology
WISH,Consumer Cyclical
WIX,Technology
WKEY,Technology
WKHS,Consumer Cyclical
WKME,Technology
WKSP,Consumer Cyclical
WLDS,Technology
WLFC,Industrials
WMG,Communication Services
WMPN,Financial Services
WNEB,Financial Services
WNW,Consumer Cyclical
WOOF,Consumer Cyclical
WORX,Healthcare
WPRT,Consumer Cyclical
WRAP,Technology
WRLD,Financial Services
WSBC,Financial Services
WSBCP,Financial Services
WSBF,Financial Services
WSC,Industrials
WSFS,Financial Services
WTBA,Financial Services
WTER,Consumer Defensive
WTFC,Financial Services
WTFCM,Financial Services
WTFCP,Financial Services
WTW,Financial Services
WULF,Financial Services
WVE,Healthcare
WW,Consumer Cyclical
WWD,Industrials
WYNN,Consumer Cyclical
XAIR,Healthcare
XBIO,Healthcare
XCUR,Healthcare
XEL,Utilities
XELA,Technology
XERS,Healthcare
XFOR,Healthcare
XGN,Healthcare
XLO,Healthcare
XMTR,Industrials
XNCR,Healthcare
XNET,Communication Services
XOMA,Healthcare
XOS,Industrials
XP,Financial Services
XPEL,Consumer Cyclical
XPON,Industrials
XRAY,Healthcare
XRTX,Healthcare
XRX,Technology
XWEL,Healthcare
XXII,Consumer Defensive
YGMZ,Industrials
YI,Healthcare
YJ,Consumer Cyclical
YMAB,Healthcare
YORW,Utilities
YOSH,Consumer Cyclical
YQ,Consumer Defensive
YTEN,Basic Materials
YTRA,Consumer Cyclical
YY,Communication Services
Z,Communication Services
ZBRA,Technology
ZCMD,Healthcare
ZD,Communication Services
ZENV,Technology
ZEUS,Basic Materials
ZFOX,Technology
ZG,Communication Services
ZI,Technology
ZIMV,Healthcare
ZION,Financial Services
ZIVO,Healthcare
ZKIN,Basic Materials
ZLAB,Healthcare
ZM,Technology
ZNTL,Healthcare
ZS,Technology
ZTEK,Healthcare
ZUMZ,Consumer Cyclical
ZVRA,Healthcare
ZVSA,Healthcare
ZYME,Healthcare
ZYNE,Healthcare
ZYXI,Healthcare
